name,email,wa_number
Alice Johnson,alice.johnson@example.com,+628111111001
Bob Smith,bob.smith@example.com,+628111111002
Carol Williams,carol.williams@example.com,+628111111003
David Brown,david.brown@example.com,+628111111004
Eva Davis,eva.davis@example.com,+628111111005
Frank Miller,frank.miller@example.com,+628111111006
Grace Wilson,grace.wilson@example.com,+628111111007
Henry Moore,henry.moore@example.com,+628111111008
Ivy Taylor,ivy.taylor@example.com,+628111111009
Jack Anderson,jack.anderson@example.com,+628111111010
Karen Thomas,karen.thomas@example.com,+628111111011
Leo Jackson,leo.jackson@example.com,+628111111012
Mia White,mia.white@example.com,+628111111013
Noah Harris,noah.harris@example.com,+628111111014
Olivia Martin,olivia.martin@example.com,+628111111015
Paul Garcia,paul.garcia@example.com,+628111111016
Quinn Martinez,quinn.martinez@example.com,+628111111017
Rose Robinson,rose.robinson@example.com,+628111111018
Sam Clark,sam.clark@example.com,+628111111019
Tina Rodriguez,tina.rodriguez@example.com,+628111111020
Uma Lewis,uma.lewis@example.com,+628111111021
Victor Lee,victor.lee@example.com,+628111111022
Wendy Walker,wendy.walker@example.com,+628111111023
Xander Hall,xander.hall@example.com,+628111111024
Yara Allen,yara.allen@example.com,+628111111025
Zack Young,zack.young@example.com,+628111111026
Aria King,aria.king@example.com,+628111111027
Ben Wright,ben.wright@example.com,+628111111028
Chloe Lopez,chloe.lopez@example.com,+628111111029
Dylan Hill,dylan.hill@example.com,+628111111030
Ella Scott,ella.scott@example.com,+628111111031
Finn Green,finn.green@example.com,+628111111032
Gina Adams,gina.adams@example.com,+628111111033
Hugo Baker,hugo.baker@example.com,+628111111034
Iris Nelson,iris.nelson@example.com,+628111111035
Jake Carter,jake.carter@example.com,+628111111036
Kara Mitchell,kara.mitchell@example.com,+628111111037
Liam Perez,liam.perez@example.com,+628111111038
Maya Roberts,maya.roberts@example.com,+628111111039
Nate Turner,nate.turner@example.com,+628111111040
Nina Phillips,nina.phillips@example.com,+628111111041
Oscar Campbell,oscar.campbell@example.com,+628111111042
Parker Evans,parker.evans@example.com,+628111111043
Piper Edwards,piper.edwards@example.com,+628111111044
Quincy Collins,quincy.collins@example.com,+628111111045
Riley Stewart,riley.stewart@example.com,+628111111046
Sage Morris,sage.morris@example.com,+628111111047
Sara Rogers,sara.rogers@example.com,+628111111048
Tate Reed,tate.reed@example.com,+628111111049
Thea Cook,thea.cook@example.com,+628111111050
Ulysses Morgan,ulysses.morgan@example.com,+628111111051
Vera Bell,vera.bell@example.com,+628111111052
Wade Murphy,wade.murphy@example.com,+628111111053
Zara Bailey,zara.bailey@example.com,+628111111054
Adam Rivera,adam.rivera@example.com,+628111111055
Bella Cooper,bella.cooper@example.com,+628111111056
Carter Richardson,carter.richardson@example.com,+628111111057
Daisy Cox,daisy.cox@example.com,+628111111058
Easton Howard,easton.howard@example.com,+628111111059
Faith Ward,faith.ward@example.com,+628111111060
Gavin Torres,gavin.torres@example.com,+628111111061
Hazel Peterson,hazel.peterson@example.com,+628111111062
Ian Gray,ian.gray@example.com,+628111111063
Jade Ramirez,jade.ramirez@example.com,+628111111064
Kai James,kai.james@example.com,+628111111065
Kylie Watson,kylie.watson@example.com,+628111111066
Landon Brooks,landon.brooks@example.com,+628111111067
Leah Kelly,leah.kelly@example.com,+628111111068
Miles Sanders,miles.sanders@example.com,+628111111069
Naomi Price,naomi.price@example.com,+628111111070
Owen Bennett,owen.bennett@example.com,+628111111071
Paige Wood,paige.wood@example.com,+628111111072
Reed Barnes,reed.barnes@example.com,+628111111073
Ruby Ross,ruby.ross@example.com,+628111111074
Sawyer Henderson,sawyer.henderson@example.com,+628111111075
Skyler Coleman,skyler.coleman@example.com,+628111111076
Tyler Jenkins,tyler.jenkins@example.com,+628111111077
Violet Perry,violet.perry@example.com,+628111111078
Wyatt Powell,wyatt.powell@example.com,+628111111079
Xena Long,xena.long@example.com,+628111111080
Yvette Patterson,yvette.patterson@example.com,+628111111081
Zane Hughes,zane.hughes@example.com,+628111111082
Amber Flores,amber.flores@example.com,+628111111083
Blake Washington,blake.washington@example.com,+628111111084
Cora Butler,cora.butler@example.com,+628111111085
Dean Simmons,dean.simmons@example.com,+628111111086
Elise Foster,elise.foster@example.com,+628111111087
Ezra Gonzales,ezra.gonzales@example.com,+628111111088
Freya Bryant,freya.bryant@example.com,+628111111089
Graham Alexander,graham.alexander@example.com,+628111111090
Harper Russell,harper.russell@example.com,+628111111091
Isla Griffin,isla.griffin@example.com,+628111111092
Jasper Diaz,jasper.diaz@example.com,+628111111093
Jocelyn Hayes,jocelyn.hayes@example.com,+628111111094
Knox Myers,knox.myers@example.com,+628111111095
Lila Ford,lila.ford@example.com,+628111111096
Maddox Hamilton,maddox.hamilton@example.com,+628111111097
Nora Graham,nora.graham@example.com,+628111111098
Orion Wallace,orion.wallace@example.com,+628111111099
Penelope Woods,penelope.woods@example.com,+628111111100
